geo,year,unmet_need_pc,status,gdp_per_capita_eur,unemployment_rate_pc,poverty_or_social_exclusion_pc,government_health_expenditure_gdp_pc,compulsory_health_financing_gdp_pc
AL,2017,13.1,,4100.0,,58.5,,
AL,2018,14.8,,4540.0,,53.9,,
AL,2019,14.6,,4880.0,,50.7,,
AL,2020,10.6,,4710.0,,46.2,,
AL,2021,10.7,,5420.0,,46.6,,
AL,2022,10.2,,6500.0,,44.5,,
AL,2023,10.3,,,,42.1,,
AT,2008,0.7,,35070.0,,,7.8,7.35
AT,2009,0.5,,34320.0,5.7,,8.1,7.74
AT,2010,0.6,,35170.0,5.2,,8.2,7.68
AT,2011,0.4,,36740.0,4.9,,7.9,7.54
AT,2012,0.3,,37570.0,5.2,,8.0,7.68
AT,2013,0.4,,37890.0,5.7,,8.1,7.68
AT,2014,0.1,,38640.0,6.0,,8.2,7.76
AT,2015,0.1,,39640.0,6.1,16.9,8.3,7.74
AT,2016,0.2,,40690.0,6.5,17.2,8.3,7.71
AT,2017,0.2,,41760.0,5.9,17.1,8.3,7.74
AT,2018,0.1,,43360.0,5.2,16.8,8.3,7.78
AT,2019,0.3,,44570.0,4.8,16.5,8.4,7.91
AT,2020,0.1,,42650.0,6.0,16.7,9.2,8.72
AT,2021,0.3,,45380.0,6.2,17.3,10.1,9.47
AT,2022,0.5,,49640.0,4.8,17.5,9.4,8.64
AT,2023,0.6,,52330.0,5.1,17.7,9.0,8.47
AT,2024,1.0,,53830.0,5.2,16.9,9.5,8.8
AT,2025,0.9,,55710.0,5.7,18.8,,
BE,2008,0.5,,32840.0,,,7.3,7.26
BE,2009,0.6,,32210.0,8.0,,7.8,7.84
BE,2010,0.4,,33340.0,8.4,,7.8,7.77
BE,2011,1.5,,34310.0,7.2,,7.7,7.83
BE,2012,1.7,,34930.0,7.6,,7.9,7.99
BE,2013,1.9,,35360.0,8.6,,8.0,7.99
BE,2014,2.5,,36130.0,8.7,,8.0,8.03
BE,2015,2.4,,36860.0,8.7,21.6,7.8,8.26
BE,2016,2.5,,37810.0,7.9,22.2,7.6,8.31
BE,2017,2.2,,38980.0,7.2,22.0,7.6,8.31
BE,2018,1.8,,40210.0,6.0,20.5,7.6,8.32
BE,2019,1.8,b,41730.0,5.5,20.1,7.5,8.08
BE,2020,1.5,,40190.0,5.8,20.3,8.6,8.72
BE,2021,1.7,,43680.0,6.3,19.0,8.4,8.48
BE,2022,1.0,,48090.0,5.6,18.6,7.8,7.96
BE,2023,1.1,,51090.0,5.5,18.8,7.8,7.87
BE,2024,1.4,,52310.0,5.7,18.3,8.0,
BE,2025,0.9,,53930.0,6.2,16.5,,
BG,2008,15.3,,4890.0,,,4.4,
BG,2009,10.3,,4930.0,7.9,,4.0,
BG,2010,10.5,,5080.0,11.3,,4.4,
BG,2011,9.8,,5640.0,12.3,,4.1,3.86
BG,2012,8.3,,5820.0,13.3,,4.4,3.85
BG,2013,8.9,,5870.0,13.9,,4.5,4.06
BG,2014,5.6,,6080.0,12.4,,5.5,4.49
BG,2015,4.7,,6560.0,10.1,43.3,5.3,4.15
BG,2016,2.8,,7070.0,8.6,41.0,5.0,4.13
BG,2017,2.1,,7720.0,7.2,38.0,4.9,4.22
BG,2018,1.9,,8340.0,6.2,33.0,5.0,4.35
BG,2019,1.4,,9250.0,5.2,33.2,4.6,4.32
BG,2020,1.4,,9440.0,6.1,33.5,5.8,5.33
BG,2021,1.0,,10960.0,5.2,31.7,5.8,5.58
BG,2022,1.0,,13310.0,4.2,32.2,5.5,4.85
BG,2023,1.1,,14660.0,4.3,30.0,5.4,5.0
BG,2024,1.1,,16260.0,4.2,30.3,5.4,
BG,2025,1.0,,18060.0,3.5,29.0,,
CH,2008,1.0,,50980.0,,,1.7,
CH,2009,1.0,,52210.0,,,1.9,
CH,2010,1.1,,58790.0,4.8,,1.8,6.37
CH,2011,0.8,,66240.0,4.4,,1.9,6.48
CH,2012,1.0,,67900.0,4.5,,2.0,6.77
CH,2013,1.2,,66900.0,4.8,,2.1,6.99
CH,2014,1.3,,68270.0,4.9,,2.1,7.01
CH,2015,0.5,,76770.0,4.8,18.2,2.1,7.3
CH,2016,0.5,,75360.0,5.0,17.9,2.1,7.51
CH,2017,0.4,,74010.0,4.8,18.3,2.1,7.63
CH,2018,0.7,,73630.0,4.7,17.8,2.1,7.35
CH,2019,0.7,,76680.0,4.4,19.3,2.1,7.57
CH,2020,0.5,,76710.0,4.8,18.5,2.5,8.18
CH,2021,0.5,,81610.0,5.1,17.6,2.7,7.95
CH,2022,0.8,,92900.0,4.1,18.7,2.2,7.65
CH,2023,1.3,,96280.0,4.1,19.5,2.2,7.6
CH,2024,1.4,,99430.0,4.4,19.3,2.2,7.73
CY,2008,2.8,,24170.0,,,2.7,
CY,2009,3.4,,23110.0,5.4,,3.0,
CY,2010,4.1,,23460.0,6.3,,3.0,3.0
CY,2011,4.4,,23340.0,7.9,,3.1,3.08
CY,2012,3.5,,22610.0,11.9,,3.0,3.03
CY,2013,4.4,,20940.0,15.9,,3.1,3.19
CY,2014,4.7,,20320.0,16.1,,2.7,2.98
CY,2015,1.5,,20810.0,15.0,22.8,2.5,2.86
CY,2016,0.6,,21930.0,13.0,22.6,2.5,2.79
CY,2017,1.5,,23230.0,11.1,21.4,2.5,2.75
CY,2018,1.4,,24660.0,8.4,19.1,2.6,2.85
CY,2019,1.0,,26110.0,7.2,18.9,3.5,3.79
CY,2020,0.4,,24630.0,7.6,18.2,5.8,6.19
CY,2021,0.2,,27850.0,7.2,17.3,6.5,7.01
CY,2022,0.2,,31560.0,6.3,17.5,5.9,6.31
CY,2023,0.1,,33870.0,5.8,17.4,6.0,6.03
CY,2024,0.1,,35670.0,4.9,17.1,6.1,
CY,2025,0.1,,36850.0,4.4,17.1,,
CZ,2008,0.7,,15520.0,,,6.9,
CZ,2009,0.6,,14230.0,6.7,,7.8,
CZ,2010,1.0,,15170.0,7.3,,7.7,6.38
CZ,2011,1.1,,15870.0,6.7,,7.6,6.34
CZ,2012,1.0,,15590.0,7.0,,7.7,6.41
CZ,2013,1.0,,15280.0,7.0,,7.5,6.32
CZ,2014,1.1,,15140.0,6.1,,7.5,6.36
CZ,2015,0.8,,16230.0,5.1,13.0,7.5,6.18
CZ,2016,0.7,,17040.0,4.0,12.4,7.4,6.21
CZ,2017,0.5,,18700.0,2.9,12.1,7.3,6.15
CZ,2018,0.3,,20270.0,2.2,11.8,7.4,6.27
CZ,2019,0.5,,21740.0,2.0,12.1,7.4,6.36
CZ,2020,0.4,,20980.0,2.6,11.5,9.2,7.92
CZ,2021,0.3,,23430.0,2.8,10.7,9.5,7.94
CZ,2022,0.2,,26670.0,2.2,11.8,8.8,7.2
CZ,2023,0.4,,29330.0,2.6,12.0,8.8,7.08
CZ,2024,0.5,,29440.0,2.6,11.3,9.0,7.19
CZ,2025,0.3,,31810.0,2.8,11.5,,
DE,2008,2.2,,32060.0,,,6.4,7.57
DE,2009,2.1,,30990.0,7.3,,7.0,9.18
DE,2010,1.8,,32580.0,6.6,,6.9,9.06
DE,2011,1.7,,34220.0,5.5,,6.7,8.78
DE,2012,1.6,,34820.0,5.1,,6.7,8.83
DE,2013,1.6,,35600.0,4.9,,6.9,9.04
DE,2014,1.6,,36960.0,4.7,,7.0,9.11
DE,2015,0.5,,37950.0,4.4,20.0,7.0,9.23
DE,2016,0.3,,39030.0,3.9,19.8,7.1,9.3
DE,2017,0.3,,40630.0,3.5,18.8,7.0,9.38
DE,2018,0.2,,41800.0,3.2,18.5,7.0,9.47
DE,2019,0.3,,43030.0,2.9,17.3,7.2,9.67
DE,2020,0.1,b,42020.0,3.6,20.4,8.3,10.69
DE,2021,0.1,,44910.0,3.6,21.0,8.5,10.91
DE,2022,0.3,,48340.0,3.1,21.1,8.3,10.7
DE,2023,0.2,e,50660.0,3.1,21.3,7.4,10.01
DE,2024,0.8,,51830.0,3.4,21.1,7.6,10.52
DE,2025,1.0,,53520.0,3.8,21.2,,
DK,2008,0.6,,44190.0,,,8.3,
DK,2009,1.5,,42060.0,6.4,,9.3,
DK,2010,1.1,,43880.0,7.7,,9.0,8.93
DK,2011,0.9,,44540.0,7.8,,8.8,8.73
DK,2012,1.3,,45490.0,7.8,,9.1,8.89
DK,2013,1.3,,46240.0,7.4,,8.9,8.7
DK,2014,1.4,,47070.0,6.9,,9.0,8.71
DK,2015,1.3,,47900.0,6.3,18.6,8.9,8.74
DK,2016,1.3,,49270.0,6.0,17.5,8.8,8.66
DK,2017,1.0,,51060.0,5.8,17.8,8.7,8.49
DK,2018,1.3,,51950.0,5.1,17.5,8.7,8.49
DK,2019,1.8,,53040.0,5.0,17.3,8.7,8.53
DK,2020,1.7,,53540.0,5.6,16.8,9.3,9.02
DK,2021,1.3,,58640.0,5.1,17.3,9.4,9.06
DK,2022,2.1,,64430.0,4.5,17.1,8.3,8.04
DK,2023,2.7,,62910.0,5.1,17.9,8.3,7.97
DK,2024,3.1,,65650.0,6.2,18.0,8.3,7.92
DK,2025,2.9,,68310.0,6.4,17.9,,
EE,2008,7.3,,12420.0,,,5.2,4.55
EE,2009,4.3,,10580.0,13.5,,5.9,5.27
EE,2010,4.8,,11060.0,16.6,,5.7,4.97
EE,2011,7.3,,12590.0,12.3,,5.2,4.59
EE,2012,8.3,,13650.0,9.9,,5.2,4.57
EE,2013,8.4,,14520.0,8.6,,5.2,4.62
EE,2014,11.3,,15480.0,7.3,,5.2,4.69
EE,2015,12.7,,16000.0,6.4,23.6,5.6,4.87
EE,2016,15.3,,16860.0,6.8,23.1,5.3,4.9
EE,2017,11.8,,18480.0,5.8,23.3,5.1,4.76
EE,2018,16.4,,20040.0,5.4,23.6,5.3,4.84
EE,2019,15.5,,21490.0,4.5,23.7,5.5,4.95
EE,2020,13.0,,20960.0,6.9,22.8,6.5,5.76
EE,2021,8.1,,23650.0,6.2,22.2,6.5,5.69
EE,2022,9.1,,27260.0,5.6,25.2,5.9,5.21
EE,2023,12.9,,28080.0,6.4,24.2,6.2,5.64
EE,2024,8.5,,28990.0,7.6,22.2,6.3,5.95
EE,2025,7.7,,30380.0,7.5,21.8,,
EL,2008,5.4,,21550.0,,,6.5,
EL,2009,5.5,,21100.0,9.8,,6.9,6.51
EL,2010,5.5,,20100.0,12.9,,6.9,6.63
EL,2011,7.5,,18320.0,18.1,,6.6,6.04
EL,2012,8.0,,16830.0,24.8,,6.1,5.98
EL,2013,9.0,,16240.0,27.8,,5.5,5.29
EL,2014,10.9,,16160.0,26.6,,4.8,4.57
EL,2015,12.3,,16210.0,25.0,32.4,5.0,4.83
EL,2016,13.1,,16190.0,23.9,32.6,5.3,5.19
EL,2017,10.0,,16490.0,21.8,32.2,5.5,4.91
EL,2018,8.8,,16830.0,19.7,30.3,5.5,4.78
EL,2019,8.1,,17270.0,17.9,29.0,5.7,4.99
EL,2020,6.5,,15660.0,17.6,27.4,6.6,5.8
EL,2021,6.4,,17350.0,14.7,28.3,6.6,5.61
EL,2022,9.0,,19570.0,12.5,26.3,6.2,5.26
EL,2023,11.6,,21300.0,11.1,26.1,5.9,5.12
EL,2024,12.1,,22480.0,10.1,26.9,5.7,
EL,2025,11.5,,23570.0,8.9,27.5,,
ES,2008,0.4,,24190.0,,,6.1,6.13
ES,2009,0.5,,23140.0,17.9,,6.8,6.81
ES,2010,0.3,,23130.0,19.9,,6.6,6.76
ES,2011,0.6,,22870.0,21.4,,6.5,6.71
ES,2012,0.7,,22160.0,24.8,,6.2,6.57
ES,2013,0.8,,22020.0,26.1,,6.2,6.41
ES,2014,0.6,,22380.0,24.5,,6.1,6.35
ES,2015,0.6,,23440.0,22.1,28.7,6.1,6.45
ES,2016,0.5,,24190.0,19.6,28.8,6.0,6.35
ES,2017,0.1,,25160.0,17.2,27.5,5.9,6.27
ES,2018,0.2,,25950.0,15.3,27.3,6.0,6.28
ES,2019,0.2,,26620.0,14.1,26.2,6.1,6.4
ES,2020,0.4,,23850.0,15.5,27.0,7.6,7.78
ES,2021,1.1,,26090.0,14.9,27.8,7.2,7.51
ES,2022,1.2,,28790.0,13.0,26.0,6.8,7.05
ES,2023,1.8,,30980.0,12.2,26.5,6.6,6.75
ES,2024,1.8,,32630.0,11.4,25.8,6.5,
ES,2025,1.6,,34210.0,10.5,25.7,,
FI,2008,0.8,,36560.0,,,6.7,6.46
FI,2009,3.7,,34040.0,8.3,,7.4,7.1
FI,2010,3.9,,35080.0,8.6,,7.3,7.05
FI,2011,4.4,,36680.0,8.0,,7.4,7.17
FI,2012,4.6,,37010.0,7.9,,7.7,7.52
FI,2013,4.3,,37410.0,8.3,,7.9,7.67
FI,2014,3.3,,37690.0,8.7,,7.9,7.67
FI,2015,4.3,,38350.0,9.4,16.9,7.3,7.46
FI,2016,4.1,,39250.0,8.9,16.5,7.2,7.21
FI,2017,3.6,,40790.0,8.7,16.0,7.1,7.02
FI,2018,4.7,,42040.0,7.5,16.6,7.1,7.01
FI,2019,4.6,,43200.0,6.8,14.5,7.2,7.18
FI,2020,5.4,,42740.0,7.7,14.9,7.7,7.67
FI,2021,4.4,,44890.0,7.7,14.2,7.8,7.84
FI,2022,6.5,,47890.0,6.8,16.3,7.5,7.75
FI,2023,7.9,,48950.0,7.2,15.8,7.6,8.48
FI,2024,8.5,,49100.0,8.4,16.8,7.7,
FI,2025,7.8,,49710.0,9.7,17.2,,
FR,2008,1.9,,31040.0,7.4,,7.6,8.04
FR,2009,1.9,,30040.0,9.1,,8.1,8.64
FR,2010,1.9,,30830.0,9.3,,8.1,8.46
FR,2011,2.3,,31700.0,9.2,,8.1,8.41
FR,2012,2.2,,31950.0,9.8,,8.2,8.54
FR,2013,2.6,,32280.0,10.3,,8.2,8.66
FR,2014,2.8,,32620.0,10.3,,8.3,8.76
FR,2015,1.2,,33200.0,10.3,18.4,8.2,8.71
FR,2016,1.3,,33530.0,10.1,18.7,8.3,9.5
FR,2017,1.0,,34290.0,9.4,17.8,8.3,9.43
FR,2018,1.2,,35080.0,9.0,17.9,8.2,9.34
FR,2019,1.2,,36090.0,8.4,18.8,8.1,9.26
FR,2020,2.7,b,34280.0,8.0,19.0,9.0,10.22
FR,2021,2.8,,36920.0,7.9,19.0,9.4,10.36
FR,2022,3.2,b,38920.0,7.3,20.7,9.1,10.0
FR,2023,3.7,,41340.0,7.3,20.4,8.8,9.71
FR,2024,4.1,,42590.0,7.4,20.5,8.9,9.74
FR,2025,3.7,,43350.0,7.7,20.8,,
HR,2010,6.3,,10700.0,11.7,,6.5,
HR,2011,5.1,,10680.0,13.6,,6.3,
HR,2012,3.5,,10540.0,16.1,,6.5,
HR,2013,3.3,,10590.0,17.3,,6.4,5.41
HR,2014,3.3,,10560.0,17.3,,6.5,5.45
HR,2015,1.9,,10960.0,16.2,24.4,6.8,5.5
HR,2016,1.7,,11610.0,13.0,23.5,6.6,5.52
HR,2017,1.6,,12430.0,11.1,23.7,6.8,5.47
HR,2018,1.4,,13310.0,8.3,22.1,6.9,5.51
HR,2019,1.4,,14130.0,6.6,20.8,7.3,5.56
HR,2020,1.5,,12980.0,7.4,20.5,8.7,6.47
HR,2021,1.7,,15070.0,7.5,20.9,8.4,6.91
HR,2022,1.3,,17540.0,6.8,19.9,7.8,6.23
HR,2023,1.0,b,20530.0,6.1,20.7,7.7,5.98
HR,2024,1.3,,22200.0,5.0,21.7,9.0,
HR,2025,1.4,,23950.0,4.9,20.7,,
HU,2008,3.4,,10790.0,,,4.9,4.88
HU,2009,2.1,,9420.0,9.7,,5.2,4.94
HU,2010,1.7,,9960.0,10.8,,5.0,5.01
HU,2011,2.7,,10230.0,10.7,,5.1,4.98
HU,2012,2.9,,10090.0,10.7,,5.1,4.87
HU,2013,2.6,,10350.0,9.8,,5.0,4.82
HU,2014,2.5,,10810.0,7.5,,4.8,4.72
HU,2015,2.6,,11520.0,6.6,30.6,5.1,4.67
HU,2016,1.3,,11950.0,5.0,28.6,4.7,4.74
HU,2017,1.0,,13080.0,4.0,25.9,4.7,4.64
HU,2018,0.8,,14070.0,3.6,20.6,4.6,4.56
HU,2019,1.0,b,15200.0,3.3,21.1,4.5,4.29
HU,2020,0.7,,14370.0,4.1,19.4,6.3,5.12
HU,2021,1.1,,16090.0,4.0,19.6,5.9,5.31
HU,2022,1.4,,17550.0,3.6,18.8,5.1,4.87
HU,2023,1.0,,20540.0,4.1,19.7,4.7,4.71
HU,2024,1.0,,21560.0,4.5,19.3,4.7,4.76
HU,2025,1.4,,23000.0,4.4,19.5,,
IE,2008,1.8,,41660.0,,,6.9,
IE,2009,2.0,,37350.0,12.6,,7.9,
IE,2010,2.1,,36680.0,14.6,,7.5,
IE,2011,2.2,,37810.0,15.4,,8.0,7.58
IE,2012,3.4,,38420.0,15.5,,7.7,7.58
IE,2013,3.3,,39590.0,13.8,,7.2,7.14
IE,2014,3.7,,43120.0,11.9,,6.6,6.59
IE,2015,2.7,,57980.0,9.9,25.4,5.0,5.09
IE,2016,2.5,,58060.0,8.4,23.8,5.2,5.3
IE,2017,2.8,,63960.0,6.7,22.4,4.9,5.02
IE,2018,2.0,,68530.0,5.8,20.8,4.8,4.96
IE,2019,2.0,b,73230.0,5.0,20.2,4.8,4.89
IE,2020,1.8,b,75820.0,5.9,19.1,5.6,5.42
IE,2021,2.1,,88070.0,6.2,19.6,5.1,4.95
IE,2022,2.7,,100140.0,4.5,19.6,4.7,4.61
IE,2023,2.7,,99080.0,4.3,19.2,5.4,4.89
IE,2024,2.9,,104510.0,4.3,17.1,5.4,5.05
IE,2025,2.7,,116770.0,4.7,18.8,,
IS,2008,1.7,,35150.0,,,7.3,
IS,2009,2.2,,29700.0,7.2,,7.7,
IS,2010,3.1,,33410.0,7.6,,7.1,
IS,2011,3.8,,35390.0,7.0,,7.0,6.54
IS,2012,4.2,,36980.0,6.0,,7.1,6.5
IS,2013,3.6,,38460.0,5.4,,7.1,6.56
IS,2014,4.4,,42350.0,4.9,,7.2,6.62
IS,2015,4.3,,49180.0,4.0,12.6,7.1,6.51
IS,2016,2.9,,57900.0,3.0,11.8,7.2,6.57
IS,2017,3.5,,65850.0,2.7,12.6,7.5,6.74
IS,2018,3.4,,65330.0,2.7,11.3,7.6,6.85
IS,2019,5.2,,63430.0,3.5,11.6,7.8,7.08
IS,2020,2.8,,54190.0,5.5,11.7,8.5,7.9
IT,2008,5.2,,27760.0,,,7.0,
IT,2009,5.4,,26600.0,7.9,,7.4,
IT,2010,5.2,,27050.0,8.5,,7.4,
IT,2011,5.9,,27610.0,8.5,,7.1,
IT,2012,5.7,,27130.0,10.9,,7.1,6.63
IT,2013,7.0,,26880.0,12.4,,7.0,6.61
IT,2014,7.0,,27120.0,12.9,,7.0,6.64
IT,2015,7.2,,27620.0,12.0,28.4,7.0,6.55
IT,2016,5.5,,28360.0,11.7,27.8,6.8,6.45
IT,2017,1.8,,29070.0,11.3,25.9,6.8,6.37
IT,2018,2.4,,29690.0,10.6,25.7,6.7,6.35
IT,2019,1.8,,30200.0,9.9,24.6,6.7,6.31
IT,2021,1.8,,31160.0,9.5,25.2,7.4,6.92
IT,2022,1.8,,33860.0,8.1,24.4,6.9,6.52
IT,2023,1.8,,36330.0,7.7,22.8,6.5,6.11
IT,2024,1.9,,37350.0,6.5,23.1,6.6,6.25
IT,2025,2.5,,38310.0,6.1,22.6,,
LT,2008,5.7,,10220.0,,,5.0,4.48
LT,2009,3.1,,8530.0,13.8,,5.5,5.32
LT,2010,2.6,,8930.0,17.8,,5.5,4.95
LT,2011,2.8,,10260.0,15.4,,5.2,4.64
LT,2012,2.3,,11120.0,13.4,,4.7,4.25
LT,2013,3.2,,11780.0,11.8,,4.5,4.08
LT,2014,3.7,,12400.0,10.7,,4.5,4.2
LT,2015,2.9,,12860.0,9.1,29.4,4.7,4.35
LT,2016,3.1,,13490.0,7.9,30.0,4.8,4.43
LT,2017,1.5,,14870.0,7.1,29.8,4.6,4.28
LT,2018,2.2,,16300.0,6.2,28.5,4.7,4.35
LT,2019,1.4,,17520.0,6.3,25.5,5.0,4.61
LT,2020,1.7,,17890.0,8.5,24.5,5.9,5.2
LT,2021,2.4,,20190.0,7.1,23.5,5.8,5.32
LT,2022,2.9,,23690.0,6.0,24.6,5.2,4.85
LT,2023,3.8,,25880.0,6.9,24.3,5.2,4.89
LT,2024,4.3,p,27350.0,7.1,25.8,5.8,5.04
LT,2025,3.3,p,29170.0,6.9,26.3,,
LU,2008,0.6,,81780.0,,,4.7,
LU,2009,0.6,,78380.0,5.1,,5.3,
LU,2010,0.6,,83550.0,4.4,,5.0,
LU,2011,0.6,,85330.0,4.9,,4.9,4.95
LU,2012,0.7,,87540.0,5.1,,5.0,4.39
LU,2013,0.9,,90030.0,5.9,,5.2,4.35
LU,2014,0.8,,92760.0,5.9,,5.1,4.37
LU,2015,0.9,,95090.0,6.7,18.4,4.9,4.25
LU,2016,0.4,,96230.0,6.3,19.1,4.8,4.24
LU,2017,0.3,,97440.0,5.5,19.3,5.0,4.31
LU,2018,0.3,,98870.0,5.6,20.1,5.1,4.43
LU,2019,0.2,,100420.0,5.6,20.1,5.2,4.64
LU,2020,0.1,b,102190.0,6.8,19.9,5.8,4.99
LU,2021,1.0,b,113920.0,5.3,21.1,5.4,4.83
LU,2022,0.5,b,117100.0,4.6,19.4,5.4,4.83
LU,2023,0.8,,122970.0,5.2,21.4,5.4,4.78
LU,2024,1.0,,127030.0,6.4,20.0,5.6,5.05
LU,2025,1.1,b,130300.0,6.5,18.2,5.8,
LV,2008,9.9,,10720.0,,,4.5,
LV,2009,9.9,,8590.0,17.7,,4.6,
LV,2010,15.1,,8380.0,19.7,,4.1,
LV,2011,16.1,,9240.0,16.3,,4.4,
LV,2012,12.4,,10460.0,15.1,,4.0,
LV,2013,13.8,,10930.0,11.9,,3.8,3.36
LV,2014,12.5,,11430.0,10.9,,3.9,3.38
LV,2015,8.4,,12010.0,9.9,30.0,3.9,3.43
LV,2016,8.2,,12500.0,9.7,28.2,3.8,3.55
LV,2017,6.2,,13400.0,8.7,28.5,3.6,3.55
LV,2018,6.2,,14620.0,7.4,28.4,4.2,3.84
LV,2019,4.3,,15450.0,6.3,26.7,4.3,4.13
LV,2020,5.3,,15370.0,8.1,25.1,4.8,4.77
LV,2021,4.0,,17130.0,7.6,26.1,6.5,6.54
LV,2022,5.4,,19130.0,6.9,26.0,5.6,5.26
LV,2023,7.8,,21030.0,6.5,25.6,5.4,4.32
LV,2024,8.4,,21800.0,6.9,24.3,5.4,
LV,2025,7.6,,23410.0,6.9,24.7,,
ME,2013,11.3,,5350.0,19.5,,,
ME,2014,8.3,,5530.0,18.0,,,
ME,2015,4.4,,5790.0,17.6,43.8,,
ME,2016,2.7,,6300.0,17.8,43.1,,
ME,2017,2.7,,6790.0,16.1,42.2,,
ME,2018,2.3,,7340.0,15.2,41.2,,
ME,2019,3.1,,7820.0,15.2,36.5,,
ME,2020,2.1,,6610.0,17.9,37.8,,
ME,2021,1.6,,7880.0,,38.9,,
ME,2022,2.6,,9530.0,,34.1,,7.23
ME,2023,1.9,,11340.0,,31.0,,6.6
MK,2010,11.4,,3650.0,32.0,,,
MK,2011,8.3,,3890.0,31.4,,,
MK,2012,7.7,,3930.0,31.0,,,
MK,2013,6.6,,4240.0,29.0,,,
MK,2014,4.8,,4470.0,28.0,,,
MK,2015,2.9,,4740.0,26.1,41.2,,
MK,2016,2.9,,5070.0,23.7,39.2,,
MK,2017,2.5,,5290.0,22.4,36.9,,
MK,2018,2.3,,5690.0,20.8,35.3,,
MK,2019,2.5,,6000.0,17.3,34.1,,
MK,2020,1.7,,5840.0,16.4,32.6,,
MK,2021,1.1,b,6440.0,15.5,31.0,,
MK,2022,3.0,,7230.0,14.4,33.0,,
MK,2023,2.7,,8020.0,13.1,30.0,,
MK,2024,2.3,,8590.0,12.3,27.1,,
MT,2008,0.7,,15230.0,,,5.2,
MT,2009,1.4,,15240.0,6.9,,5.0,
MT,2010,1.6,,16550.0,6.9,,5.1,
MT,2011,1.1,,16890.0,6.4,,5.4,
MT,2012,1.2,,17820.0,6.2,,5.4,
MT,2013,0.9,,19120.0,6.1,,5.4,
MT,2014,1.1,,20620.0,5.7,,5.5,5.45
MT,2015,0.8,,23000.0,5.4,22.2,5.4,5.27
MT,2016,1.0,,23900.0,4.7,20.2,5.2,5.48
MT,2017,0.2,,26820.0,4.0,19.4,4.9,5.23
MT,2018,0.2,,28240.0,4.0,19.2,4.9,5.15
MT,2019,0.0,n,28920.0,4.1,20.7,5.1,5.56
MT,2020,0.0,n,27870.0,4.9,19.9,6.6,6.57
MT,2021,0.1,,32190.0,3.8,20.3,6.1,6.42
MT,2022,0.3,,33810.0,3.5,20.1,5.5,6.19
MT,2023,0.1,,37800.0,3.5,19.8,5.0,5.73
MT,2024,0.3,,40640.0,3.2,19.6,5.0,
MT,2025,0.1,,42160.0,3.1,19.4,,
NL,2008,0.3,,39600.0,,,6.5,7.62
NL,2009,0.3,,38120.0,5.4,,7.3,8.24
NL,2010,0.4,,38700.0,6.1,,7.7,8.42
NL,2011,0.4,,39300.0,6.0,,7.8,8.39
NL,2012,0.5,,39290.0,6.8,,8.1,8.58
NL,2013,0.4,,39610.0,8.2,,8.0,8.52
NL,2014,0.5,,40240.0,8.4,,7.9,8.48
NL,2015,0.1,,41270.0,7.9,16.4,7.6,8.29
NL,2016,0.2,,42290.0,7.0,16.3,7.1,8.22
NL,2017,0.1,,43830.0,5.9,16.6,7.2,8.12
NL,2018,0.2,,45690.0,4.9,16.5,7.2,8.09
NL,2019,0.2,,47840.0,4.4,16.5,7.2,8.23
NL,2020,0.2,,46810.0,4.9,16.0,8.1,9.3
NL,2021,0.2,,50850.0,4.2,16.6,8.3,9.33
NL,2022,0.2,,56140.0,3.5,16.5,7.2,8.31
NL,2023,0.3,,58740.0,3.6,15.8,7.1,8.27
NL,2024,0.6,,62330.0,3.7,15.4,7.3,8.41
NL,2025,0.5,,65210.0,3.9,15.8,,
NO,2008,1.3,,67900.0,,,5.7,6.66
NO,2009,1.3,,59030.0,3.4,,6.5,7.63
NO,2010,1.4,,67980.0,4.0,,6.4,7.5
NO,2011,1.6,,74470.0,3.6,,6.2,7.37
NO,2012,1.3,,81420.0,3.5,,6.1,7.39
NO,2013,1.5,,80020.0,3.9,,6.3,7.55
NO,2014,0.8,,75740.0,3.8,,6.6,7.92
NO,2015,1.1,,69560.0,4.7,14.7,7.1,8.61
NO,2016,1.1,,66180.0,4.9,14.4,7.4,8.99
NO,2017,1.3,,69860.0,4.4,15.4,7.2,8.71
NO,2018,1.4,,72510.0,4.0,15.8,7.0,8.54
NO,2019,1.0,,70860.0,3.9,15.6,7.4,8.95
NO,2020,0.9,,62400.0,4.7,16.3,8.2,9.82
NO,2021,0.8,b,81520.0,4.4,16.7,7.3,8.43
NO,2022,1.2,,107660.0,3.2,16.3,5.8,6.78
NO,2023,1.8,,84120.0,3.6,15.8,7.0,
NO,2024,1.6,,83070.0,4.0,15.7,7.2,
NO,2025,1.9,,83950.0,4.5,16.1,,
PL,2008,6.0,,9640.0,,,4.9,
PL,2009,7.6,,8330.0,8.5,,5.0,
PL,2010,8.3,,9490.0,10.0,,5.0,
PL,2011,7.9,,9970.0,10.0,,4.7,
PL,2012,9.0,,10190.0,10.4,,4.6,
PL,2013,8.8,,10260.0,10.6,,4.7,4.56
PL,2014,7.8,,10750.0,9.2,,4.7,4.44
PL,2015,7.3,,11390.0,7.7,22.5,4.6,4.41
PL,2016,6.6,,11270.0,6.3,20.6,4.6,4.53
PL,2017,3.3,b,12360.0,5.0,18.7,4.7,4.53
PL,2018,4.2,,13280.0,3.9,18.2,4.7,4.47
PL,2019,4.2,,14190.0,3.3,17.9,4.8,4.59
PL,2020,1.9,,14310.0,3.2,17.0,5.3,4.64
PL,2021,2.7,,15770.0,3.4,16.8,5.7,4.61
PL,2022,2.3,,17520.0,2.9,15.9,5.2,4.8
PL,2023,3.6,,19980.0,2.8,16.3,5.7,5.54
PL,2024,3.8,,22710.0,2.9,16.0,6.1,6.27
PL,2025,2.9,,24680.0,3.1,15.0,,
PT,2008,1.1,,16960.0,,,7.3,5.99
PT,2009,3.3,,16600.0,11.2,,8.0,6.47
PT,2010,2.0,,17010.0,12.6,,7.5,6.67
PT,2011,1.4,,16670.0,13.5,,6.9,6.27
PT,2012,3.3,,16000.0,16.6,,6.6,5.91
PT,2013,3.0,,16300.0,17.2,,6.5,5.86
PT,2014,3.5,,16620.0,14.6,,6.3,5.77
PT,2015,3.0,,17280.0,13.0,26.4,6.2,5.76
PT,2016,2.4,,18000.0,11.5,24.9,6.1,5.8
PT,2017,2.3,,18910.0,9.2,23.4,6.3,5.71
PT,2018,2.1,,19840.0,7.2,21.6,6.5,5.77
PT,2019,1.7,,20710.0,6.6,21.1,6.5,5.79
PT,2020,1.6,,19360.0,7.1,20.0,7.4,6.76
PT,2021,2.3,,20800.0,6.7,22.4,7.6,7.02
PT,2022,2.9,,23300.0,6.2,20.1,7.1,6.58
PT,2023,2.8,,25560.0,6.5,20.1,6.7,6.11
PT,2024,2.5,,27100.0,6.5,19.7,6.8,6.28
PT,2025,2.5,,28390.0,6.0,18.6,,
RO,2008,11.1,,7140.0,,,3.6,
RO,2009,8.9,,6150.0,8.4,,4.0,
RO,2010,11.1,,6340.0,9.0,,4.1,
RO,2011,12.2,,6880.0,9.1,,3.9,3.37
RO,2012,11.5,,6940.0,8.7,,3.7,3.47
RO,2013,10.9,,7150.0,9.0,,4.1,4.14
RO,2014,9.8,,7560.0,8.6,,4.0,3.97
RO,2015,9.4,,8090.0,8.4,44.5,4.2,3.86
RO,2016,6.5,,8500.0,7.2,46.0,4.1,3.98
RO,2017,4.7,,9510.0,6.1,42.5,4.4,4.08
RO,2018,4.9,,10510.0,5.3,38.7,4.6,4.43
RO,2019,4.9,,11520.0,4.9,36.1,5.0,4.61
RO,2020,4.7,,11390.0,6.1,35.6,5.5,5.01
RO,2021,4.4,,12590.0,5.6,34.4,5.5,5.08
RO,2022,4.9,,14740.0,5.6,34.4,5.0,4.53
RO,2023,5.2,,16870.0,5.6,32.0,4.8,4.39
RO,2024,2.2,,18550.0,5.4,27.9,5.2,
RO,2025,2.9,,19960.0,6.1,27.4,,
RS,2013,8.7,,5300.0,24.2,,,
RS,2014,7.4,,5190.0,20.7,,,
RS,2015,6.3,,5250.0,19.0,41.0,,
RS,2016,4.5,,5410.0,16.5,30.0,,
RS,2017,4.8,,5820.0,14.6,39.3,,
RS,2018,5.8,,6400.0,13.8,33.9,,
RS,2019,4.9,,6930.0,11.4,31.1,,
RS,2020,4.0,,7110.0,9.8,31.0,,
RS,2021,5.5,,8180.0,11.2,28.9,,6.12
RS,2022,3.3,,9530.0,9.6,29.0,,5.85
RS,2023,5.0,,11350.0,9.5,27.2,,5.34
RS,2024,6.8,,12640.0,8.6,24.3,,
RS,2025,2.8,,13540.0,8.7,23.2,,
SE,2008,2.6,,38270.0,6.3,,6.7,6.77
SE,2009,2.1,,33670.0,8.5,,7.2,7.23
SE,2010,1.9,,39710.0,8.7,,6.9,6.85
SE,2011,1.5,,43420.0,7.9,,6.9,8.88
SE,2012,1.5,,44960.0,8.1,,7.0,9.13
SE,2013,2.1,,45820.0,8.1,,7.1,9.23
SE,2014,1.7,,44930.0,8.0,,7.1,9.3
SE,2015,1.3,,46160.0,7.5,18.2,7.0,9.16
SE,2016,1.6,,46790.0,7.1,17.7,7.1,9.23
SE,2017,1.4,,47210.0,6.8,17.2,7.1,9.27
SE,2018,1.5,,45770.0,6.5,17.7,7.2,9.4
SE,2019,1.4,,46110.0,6.9,18.4,7.2,9.3
SE,2020,1.5,,46180.0,8.5,17.7,7.5,9.85
SE,2021,1.3,,51260.0,8.9,17.2,7.5,9.72
SE,2022,1.8,,51980.0,7.5,18.6,7.2,9.4
SE,2023,2.1,,50490.0,7.7,18.4,7.4,9.71
SE,2024,2.2,,52590.0,8.4,17.5,7.4,9.7
SE,2025,2.1,,55620.0,8.8,18.6,,
SI,2008,0.2,,18670.0,,,6.2,
SI,2009,0.2,,17550.0,5.9,,7.0,
SI,2010,0.1,,17600.0,7.3,,6.9,
SI,2011,0.1,,17920.0,8.2,,7.0,
SI,2012,0.1,,17470.0,8.9,,7.0,
SI,2013,0.0,n,17500.0,10.1,,6.9,
SI,2014,0.2,,18080.0,9.7,,6.5,6.11
SI,2015,0.2,,18660.0,9.0,17.7,6.7,6.17
SI,2016,0.4,,19380.0,8.0,16.9,6.8,6.23
SI,2017,3.5,,20630.0,6.6,16.6,6.6,5.96
SI,2018,3.3,,21940.0,5.1,15.4,6.6,6.08
SI,2019,2.9,,23050.0,4.4,13.7,6.7,6.23
SI,2020,2.7,,22230.0,5.0,14.3,8.0,6.94
SI,2021,4.8,,24690.0,4.8,13.2,8.3,7.03
SI,2022,3.7,,26970.0,4.0,13.3,7.7,7.12
SI,2023,3.8,,30200.0,3.7,13.7,7.3,6.83
SI,2024,3.4,,31700.0,3.7,14.4,8.0,8.53
SI,2025,3.2,,33060.0,3.9,15.5,,
SK,2008,1.3,,12220.0,,,,
SK,2009,1.7,,11820.0,12.0,,,
SK,2010,1.7,,12660.0,14.3,,7.6,
SK,2011,2.2,,13270.0,13.5,,7.2,
SK,2012,2.2,,13640.0,13.9,,7.1,5.43
SK,2013,1.9,,13790.0,14.1,,5.1,5.55
SK,2014,2.1,,14130.0,13.1,,5.7,5.51
SK,2015,2.1,,14820.0,11.5,17.3,5.5,5.37
SK,2016,2.3,,15030.0,9.6,17.1,5.7,5.58
SK,2017,2.4,,15620.0,8.1,15.8,5.6,5.38
SK,2018,2.6,,16580.0,6.5,15.2,5.4,5.32
SK,2019,2.7,,17340.0,5.7,14.8,5.8,5.51
SK,2020,3.2,,17270.0,6.7,13.8,6.4,5.67
SK,2021,2.9,,18730.0,6.8,15.6,6.5,6.09
SK,2022,2.8,,20150.0,6.1,16.5,6.9,6.16
SK,2023,3.2,,22640.0,5.8,17.6,6.6,5.82
SK,2024,1.6,,23850.0,5.3,18.3,6.9,
SK,2025,1.1,,25060.0,5.4,16.7,,
TR,2008,13.2,,7450.0,,,,
TR,2009,14.9,,6500.0,12.6,,,
TR,2010,16.4,,8050.0,10.7,,,
TR,2011,12.2,,8150.0,8.8,,,
TR,2012,10.4,,9140.0,8.2,,,
TR,2013,10.5,,9480.0,8.8,,,
TR,2014,9.2,,9090.0,9.9,,,
TR,2015,6.8,,9700.0,10.3,26.7,,
TR,2016,3.8,,9600.0,10.9,26.6,,
TR,2017,2.6,,9170.0,10.9,32.3,,
TR,2018,2.9,,7850.0,10.9,32.4,,
TR,2019,3.0,,8030.0,13.7,33.1,,
TR,2020,1.9,,7340.0,13.2,34.1,,
TR,2021,2.3,,8050.0,12.0,34.0,,
TR,2022,1.7,,9930.0,10.5,32.8,,
TR,2023,1.2,,11860.0,9.4,30.7,,
TR,2024,1.2,,14140.0,8.8,30.4,,
TR,2025,0.7,,,8.4,29.8,,
UK,2008,1.0,,32280.0,,,,
UK,2009,1.2,,27920.0,,,,
UK,2010,1.0,,29830.0,,,,
UK,2011,1.2,,30230.0,,,,
UK,2012,1.4,,33140.0,,,,
UK,2013,1.6,,32700.0,,,,7.91
UK,2014,2.1,,35780.0,,,,7.91
UK,2015,2.8,,40620.0,,23.1,,7.86
UK,2016,1.0,,37080.0,,21.9,,7.86
UK,2017,3.3,b,35730.0,,21.8,,7.74
UK,2018,4.5,,36440.0,,22.8,,7.77
XK,2018,10.0,,,,,,
XK,2019,5.2,,,,,,
