imputation,variant,term,coef,se,p_value,nobs,countries
1,baseline_pmm_m50,log_gdp_per_capita,-3.751339200866316,2.0859485493418237,0.07211597115140513,608,37
1,baseline_pmm_m50,unemployment_rate_pc,-0.005553840575187222,0.0632783051373899,0.9300606914242815,608,37
1,baseline_pmm_m50,poverty_or_social_exclusion_pc,0.03964923760833175,0.052415072152903426,0.4493810830674062,608,37
1,baseline_pmm_m50,government_health_expenditure_gdp_pc,-0.13434336500585556,0.23982145549079031,0.5753561496206645,608,37
1,baseline_pmm_m50,compulsory_health_financing_gdp_pc,-0.31424589451457136,0.18098833682968232,0.08251486017744127,608,37
2,baseline_pmm_m50,log_gdp_per_capita,-4.548045955983312,2.152488141746851,0.034607189735161775,608,37
2,baseline_pmm_m50,unemployment_rate_pc,-0.009508805564162576,0.07561425692336422,0.8999265474737798,608,37
2,baseline_pmm_m50,poverty_or_social_exclusion_pc,-0.007743886759642334,0.03799110421031925,0.8384830573682114,608,37
2,baseline_pmm_m50,government_health_expenditure_gdp_pc,0.07389642998156587,0.2449286740437437,0.762876257935283,608,37
2,baseline_pmm_m50,compulsory_health_financing_gdp_pc,-0.3035809281069875,0.16318307528135748,0.06283316978841239,608,37
3,baseline_pmm_m50,log_gdp_per_capita,-3.6867635355086463,2.0396704746612677,0.07067983707209836,608,37
3,baseline_pmm_m50,unemployment_rate_pc,0.016070819519983723,0.069952248592901,0.8182939225066924,608,37
3,baseline_pmm_m50,poverty_or_social_exclusion_pc,0.01431201347357225,0.04034235341530871,0.722766422358029,608,37
3,baseline_pmm_m50,government_health_expenditure_gdp_pc,-0.11876684459409109,0.23284364124715573,0.6100015537856998,608,37
3,baseline_pmm_m50,compulsory_health_financing_gdp_pc,-0.21395455505207875,0.16374913378998215,0.1913487277005086,608,37
4,baseline_pmm_m50,log_gdp_per_capita,-2.6304835517201344,2.326398503902457,0.25817689964574797,608,37
4,baseline_pmm_m50,unemployment_rate_pc,0.03636084041679669,0.06916980285082265,0.5991139934670495,608,37
4,baseline_pmm_m50,poverty_or_social_exclusion_pc,0.041473040533441086,0.032331896270650015,0.19958725771786656,608,37
4,baseline_pmm_m50,government_health_expenditure_gdp_pc,-0.014875000931215798,0.2982908378327114,0.9602280228597774,608,37
4,baseline_pmm_m50,compulsory_health_financing_gdp_pc,-0.3695147940109749,0.25498455221872107,0.14729139385246803,608,37
5,baseline_pmm_m50,log_gdp_per_capita,-4.125828893335479,2.0558876943659103,0.04476715643402704,608,37
5,baseline_pmm_m50,unemployment_rate_pc,0.011505651494082378,0.06926091846179837,0.868062200160825,608,37
5,baseline_pmm_m50,poverty_or_social_exclusion_pc,0.005656479350527516,0.0356996284996294,0.8741050153588535,608,37
5,baseline_pmm_m50,government_health_expenditure_gdp_pc,-0.17937206485856522,0.18575687752272457,0.33423029796109505,608,37
5,baseline_pmm_m50,compulsory_health_financing_gdp_pc,-0.2479514587272224,0.1953134674429767,0.20426094406531714,608,37
6,baseline_pmm_m50,log_gdp_per_capita,-3.731315786549375,2.2134123033126203,0.09183908722960528,608,37
6,baseline_pmm_m50,unemployment_rate_pc,0.02717939641698781,0.06477735801289762,0.6747910319829117,608,37
6,baseline_pmm_m50,poverty_or_social_exclusion_pc,0.004394069012136199,0.02829554616128724,0.8765912041580334,608,37
6,baseline_pmm_m50,government_health_expenditure_gdp_pc,0.04984893128658052,0.25209223726118596,0.8432478332100104,608,37
6,baseline_pmm_m50,compulsory_health_financing_gdp_pc,-0.44150985109678675,0.21421566289894237,0.0392979767176862,608,37
7,baseline_pmm_m50,log_gdp_per_capita,-3.6606880363730845,2.20993909925677,0.09762757134259946,608,37
7,baseline_pmm_m50,unemployment_rate_pc,0.0338837124126319,0.06468279089236684,0.6003868267128998,608,37
7,baseline_pmm_m50,poverty_or_social_exclusion_pc,-0.00048529334207892804,0.039918932730403325,0.9903003787645119,608,37
7,baseline_pmm_m50,government_health_expenditure_gdp_pc,0.08496069979906268,0.23581757745406742,0.7186366665933908,608,37
7,baseline_pmm_m50,compulsory_health_financing_gdp_pc,-0.379581479157242,0.18958688601395485,0.04526854729017756,608,37
8,baseline_pmm_m50,log_gdp_per_capita,-3.456300482147652,1.898017607208515,0.06860602239385302,608,37
8,baseline_pmm_m50,unemployment_rate_pc,0.02782504552972423,0.06015568212058483,0.6436865407451997,608,37
8,baseline_pmm_m50,poverty_or_social_exclusion_pc,0.011867493123443146,0.03490776945995533,0.7338813048012883,608,37
8,baseline_pmm_m50,government_health_expenditure_gdp_pc,0.05057459431010079,0.25918600182053564,0.8452922955792294,608,37
8,baseline_pmm_m50,compulsory_health_financing_gdp_pc,-0.42426981654068696,0.23699540415065598,0.07342132840339563,608,37
9,baseline_pmm_m50,log_gdp_per_capita,-3.0743216925441983,1.9510453365816731,0.11508791951932773,608,37
9,baseline_pmm_m50,unemployment_rate_pc,0.006405336494262632,0.07122243004752418,0.9283394564399897,608,37
9,baseline_pmm_m50,poverty_or_social_exclusion_pc,0.04422420527427413,0.03259545775510736,0.17485755889892174,608,37
9,baseline_pmm_m50,government_health_expenditure_gdp_pc,0.11967124091460316,0.28884964943319574,0.6786523067940176,608,37
9,baseline_pmm_m50,compulsory_health_financing_gdp_pc,-0.5706629580149969,0.224970500135573,0.011193080781264873,608,37
10,baseline_pmm_m50,log_gdp_per_capita,-4.223021334997274,2.1286362900080973,0.047265951829969725,608,37
10,baseline_pmm_m50,unemployment_rate_pc,-0.010987861467574897,0.07502269459009545,0.883557868929002,608,37
10,baseline_pmm_m50,poverty_or_social_exclusion_pc,0.009840297233137361,0.032702532598431394,0.7634882978256228,608,37
10,baseline_pmm_m50,government_health_expenditure_gdp_pc,-0.02684422202922121,0.19618581451562442,0.8911646985675753,608,37
10,baseline_pmm_m50,compulsory_health_financing_gdp_pc,-0.2912643059196506,0.14976799687384854,0.051802667404297884,608,37
11,baseline_pmm_m50,log_gdp_per_capita,-4.074910107846543,1.987520674376443,0.04034024494231913,608,37
11,baseline_pmm_m50,unemployment_rate_pc,0.01573101823617829,0.061520591410791824,0.798179946902994,608,37
11,baseline_pmm_m50,poverty_or_social_exclusion_pc,0.010520253124888447,0.03707100533240844,0.7765739538946935,608,37
11,baseline_pmm_m50,government_health_expenditure_gdp_pc,0.05576213802004493,0.23903126683332082,0.8155409860951253,608,37
11,baseline_pmm_m50,compulsory_health_financing_gdp_pc,-0.4204431496793991,0.19200996925164288,0.028546409283137873,608,37
12,baseline_pmm_m50,log_gdp_per_capita,-3.900576278659422,1.9879081989699603,0.0497448940046392,608,37
12,baseline_pmm_m50,unemployment_rate_pc,0.01960997348670669,0.054600054330250766,0.7194778921491203,608,37
12,baseline_pmm_m50,poverty_or_social_exclusion_pc,0.015127113846222784,0.035215464585763266,0.6675165890097388,608,37
12,baseline_pmm_m50,government_health_expenditure_gdp_pc,0.13524818605651945,0.318991325716319,0.6715752693444907,608,37
12,baseline_pmm_m50,compulsory_health_financing_gdp_pc,-0.39150377652203405,0.26800834371878046,0.1440732160879582,608,37
13,baseline_pmm_m50,log_gdp_per_capita,-4.2970795715960435,2.073121091850359,0.0381947511237038,608,37
13,baseline_pmm_m50,unemployment_rate_pc,0.00014029752635561638,0.06377986992015275,0.9982448829064353,608,37
13,baseline_pmm_m50,poverty_or_social_exclusion_pc,-0.002205159479995153,0.031705188551577626,0.9445502376472995,608,37
13,baseline_pmm_m50,government_health_expenditure_gdp_pc,0.021877896516374618,0.2968928568769405,0.941257426148149,608,37
13,baseline_pmm_m50,compulsory_health_financing_gdp_pc,-0.19739182325493476,0.23859604163344558,0.40806391356553595,608,37
14,baseline_pmm_m50,log_gdp_per_capita,-3.6991459033941974,2.07661252861197,0.07485747858508232,608,37
14,baseline_pmm_m50,unemployment_rate_pc,0.02027908719715732,0.05368058762889653,0.705599086600894,608,37
14,baseline_pmm_m50,poverty_or_social_exclusion_pc,0.010081917767925976,0.03382895639270215,0.7656831118801122,608,37
14,baseline_pmm_m50,government_health_expenditure_gdp_pc,0.22240050246622878,0.3766566140903841,0.5548825832954931,608,37
14,baseline_pmm_m50,compulsory_health_financing_gdp_pc,-0.48849956459112603,0.2246047507265581,0.02963537771242605,608,37
15,baseline_pmm_m50,log_gdp_per_capita,-3.7129689338004437,1.5865353006720357,0.01926824336010137,608,37
15,baseline_pmm_m50,unemployment_rate_pc,0.053325490687861625,0.08028699839752115,0.5065713495106088,608,37
15,baseline_pmm_m50,poverty_or_social_exclusion_pc,0.009239726344943008,0.03232558651411608,0.7750058664714329,608,37
15,baseline_pmm_m50,government_health_expenditure_gdp_pc,0.18525570889534476,0.3539530355226742,0.6007024303254633,608,37
15,baseline_pmm_m50,compulsory_health_financing_gdp_pc,-0.4081490849137654,0.27053711811428804,0.13138516678569429,608,37
16,baseline_pmm_m50,log_gdp_per_capita,-3.705718127173234,1.8170788005994871,0.04141189941638698,608,37
16,baseline_pmm_m50,unemployment_rate_pc,0.026792030928627898,0.062490658225097494,0.6681149385830824,608,37
16,baseline_pmm_m50,poverty_or_social_exclusion_pc,0.004229888966797574,0.03855275034171662,0.9126338824080935,608,37
16,baseline_pmm_m50,government_health_expenditure_gdp_pc,0.06817039520938864,0.2739420740300328,0.803477066857579,608,37
16,baseline_pmm_m50,compulsory_health_financing_gdp_pc,-0.4345678360355974,0.19747482319617063,0.027762652856295138,608,37
17,baseline_pmm_m50,log_gdp_per_capita,-3.843516983212056,1.7999184607213372,0.03272966102571043,608,37
17,baseline_pmm_m50,unemployment_rate_pc,0.05117330228890078,0.0702743863097033,0.46649557135657505,608,37
17,baseline_pmm_m50,poverty_or_social_exclusion_pc,-0.013682597678138779,0.030327635350679418,0.6518746710259649,608,37
17,baseline_pmm_m50,government_health_expenditure_gdp_pc,-0.11588052839038196,0.2673661467988198,0.6647132240031132,608,37
17,baseline_pmm_m50,compulsory_health_financing_gdp_pc,-0.293856776682455,0.2997179450214081,0.32686680888683184,608,37
18,baseline_pmm_m50,log_gdp_per_capita,-3.9816161909477623,1.7635437417575406,0.023962123480365836,608,37
18,baseline_pmm_m50,unemployment_rate_pc,-0.011951332753737623,0.07672636818359702,0.876217745951715,608,37
18,baseline_pmm_m50,poverty_or_social_exclusion_pc,0.018085586023385912,0.037514394685017376,0.6297368725758599,608,37
18,baseline_pmm_m50,government_health_expenditure_gdp_pc,0.238838359602618,0.31200797736539176,0.44398101506522003,608,37
18,baseline_pmm_m50,compulsory_health_financing_gdp_pc,-0.3539107351034445,0.17613464984816604,0.04450329216712931,608,37
19,baseline_pmm_m50,log_gdp_per_capita,-3.1638114916919338,1.9941663653401676,0.11261836765266309,608,37
19,baseline_pmm_m50,unemployment_rate_pc,-0.037317745744403864,0.08544244295227096,0.6622862225840978,608,37
19,baseline_pmm_m50,poverty_or_social_exclusion_pc,0.0831899514593159,0.04869426156249725,0.08755957691754346,608,37
19,baseline_pmm_m50,government_health_expenditure_gdp_pc,-0.1401655624662566,0.26014686300234285,0.5900290212049627,608,37
19,baseline_pmm_m50,compulsory_health_financing_gdp_pc,-0.0693553923943108,0.19101462613143966,0.7165380776292449,608,37
20,baseline_pmm_m50,log_gdp_per_capita,-3.7954042851938063,1.9053223838190427,0.04637093714803222,608,37
20,baseline_pmm_m50,unemployment_rate_pc,0.010900166044802068,0.07360792075121658,0.8822763615663083,608,37
20,baseline_pmm_m50,poverty_or_social_exclusion_pc,0.015419240201935011,0.046996402202368094,0.7428405483269815,608,37
20,baseline_pmm_m50,government_health_expenditure_gdp_pc,-0.06764432172687587,0.28488019125586905,0.8123090103840596,608,37
20,baseline_pmm_m50,compulsory_health_financing_gdp_pc,-0.3404232872014834,0.18599652049153065,0.0672100285258125,608,37
21,baseline_pmm_m50,log_gdp_per_capita,-4.197702472120957,1.6298225538967492,0.010007849502911614,608,37
21,baseline_pmm_m50,unemployment_rate_pc,0.0006570369786597571,0.07042133995587481,0.9925557784658277,608,37
21,baseline_pmm_m50,poverty_or_social_exclusion_pc,-0.01793235924120433,0.03869009575532172,0.6430152785406196,608,37
21,baseline_pmm_m50,government_health_expenditure_gdp_pc,-0.008427802776818427,0.3024380706386827,0.977768858516019,608,37
21,baseline_pmm_m50,compulsory_health_financing_gdp_pc,-0.40636820388059597,0.27995886484630633,0.14663281899622935,608,37
22,baseline_pmm_m50,log_gdp_per_capita,-3.925166220044887,1.69819000081257,0.020811750660285604,608,37
22,baseline_pmm_m50,unemployment_rate_pc,-0.002074786308043336,0.07079703771853656,0.976620447917195,608,37
22,baseline_pmm_m50,poverty_or_social_exclusion_pc,-0.0003255273103313118,0.04054547902138399,0.9935940965323277,608,37
22,baseline_pmm_m50,government_health_expenditure_gdp_pc,-0.20924566468345934,0.149414601432836,0.16138263990771073,608,37
22,baseline_pmm_m50,compulsory_health_financing_gdp_pc,-0.11194963441992727,0.1313259472959508,0.39396086977425115,608,37
23,baseline_pmm_m50,log_gdp_per_capita,-3.5607908799884838,2.0752415856931985,0.08619059352389621,608,37
23,baseline_pmm_m50,unemployment_rate_pc,0.005728997383206699,0.06497502059456153,0.9297397283635231,608,37
23,baseline_pmm_m50,poverty_or_social_exclusion_pc,0.01563517208200113,0.040302114512259825,0.6980536459297739,608,37
23,baseline_pmm_m50,government_health_expenditure_gdp_pc,0.05395894587411651,0.2428768129895799,0.8241847382310533,608,37
23,baseline_pmm_m50,compulsory_health_financing_gdp_pc,-0.3705532545989747,0.22076158651921904,0.09324517317503328,608,37
24,baseline_pmm_m50,log_gdp_per_capita,-3.635104309491855,1.9596638640627413,0.06360148494289856,608,37
24,baseline_pmm_m50,unemployment_rate_pc,0.005909310241629467,0.05802556381359651,0.9188838555354999,608,37
24,baseline_pmm_m50,poverty_or_social_exclusion_pc,0.03811836960528285,0.03202585388539236,0.23395309061917124,608,37
24,baseline_pmm_m50,government_health_expenditure_gdp_pc,0.1322615287747277,0.297706541699029,0.6568487395417486,608,37
24,baseline_pmm_m50,compulsory_health_financing_gdp_pc,-0.4328118730518054,0.1824728359958323,0.017695684522477734,608,37
25,baseline_pmm_m50,log_gdp_per_capita,-3.8290463842497546,1.9261132361256907,0.046815521675071615,608,37
25,baseline_pmm_m50,unemployment_rate_pc,0.0321211995098209,0.06450113499686161,0.618488038566974,608,37
25,baseline_pmm_m50,poverty_or_social_exclusion_pc,0.00886844469541377,0.03378559407246256,0.7929422313019289,608,37
25,baseline_pmm_m50,government_health_expenditure_gdp_pc,0.17480859981454533,0.39314341778468115,0.6565775264538654,608,37
25,baseline_pmm_m50,compulsory_health_financing_gdp_pc,-0.4621937608811997,0.3604879043638498,0.1997956806053004,608,37
26,baseline_pmm_m50,log_gdp_per_capita,-3.4448210886164086,1.787480288925578,0.05395547133253676,608,37
26,baseline_pmm_m50,unemployment_rate_pc,0.026814814267452053,0.07199311328978777,0.7095477073315912,608,37
26,baseline_pmm_m50,poverty_or_social_exclusion_pc,0.010187968662217044,0.04346800254678703,0.8146910871505143,608,37
26,baseline_pmm_m50,government_health_expenditure_gdp_pc,0.08632696776425133,0.3132392911844762,0.7828596769019417,608,37
26,baseline_pmm_m50,compulsory_health_financing_gdp_pc,-0.4840472260618027,0.1689730934000591,0.004174824423246778,608,37
27,baseline_pmm_m50,log_gdp_per_capita,-2.777506378371763,2.215293203562272,0.20991934392332434,608,37
27,baseline_pmm_m50,unemployment_rate_pc,0.036611632804825,0.054097827287280596,0.49855369892756896,608,37
27,baseline_pmm_m50,poverty_or_social_exclusion_pc,0.04131914546751849,0.04779856256222191,0.38734443457045575,608,37
27,baseline_pmm_m50,government_health_expenditure_gdp_pc,-0.019975374660365752,0.33585863845091757,0.9525733453962141,608,37
27,baseline_pmm_m50,compulsory_health_financing_gdp_pc,-0.21271355001715614,0.1892744570457896,0.26108237897938547,608,37
28,baseline_pmm_m50,log_gdp_per_capita,-3.7320285589357485,2.08993716197365,0.07414569291516997,608,37
28,baseline_pmm_m50,unemployment_rate_pc,0.03166437686380984,0.06446167168838313,0.6232761812594197,608,37
28,baseline_pmm_m50,poverty_or_social_exclusion_pc,0.008486218093136978,0.0432555005526597,0.8444628762979671,608,37
28,baseline_pmm_m50,government_health_expenditure_gdp_pc,0.1426146221039504,0.32406953301079905,0.6598834084587837,608,37
28,baseline_pmm_m50,compulsory_health_financing_gdp_pc,-0.3977433249038577,0.2547585761177516,0.11846338907205516,608,37
29,baseline_pmm_m50,log_gdp_per_capita,-3.583907945973516,1.9434132339418024,0.06516409940809838,608,37
29,baseline_pmm_m50,unemployment_rate_pc,0.031750844541542145,0.05897806648415813,0.5903354097330742,608,37
29,baseline_pmm_m50,poverty_or_social_exclusion_pc,0.014297354188422741,0.032477828873513796,0.6597785703583358,608,37
29,baseline_pmm_m50,government_health_expenditure_gdp_pc,-0.009756237336727425,0.3102199578462855,0.9749111302161183,608,37
29,baseline_pmm_m50,compulsory_health_financing_gdp_pc,-0.39461099037811803,0.2363873492104899,0.09504990589516855,608,37
30,baseline_pmm_m50,log_gdp_per_capita,-4.1366596888930385,1.7310352326085334,0.016862013020194314,608,37
30,baseline_pmm_m50,unemployment_rate_pc,0.0056402549971706,0.07102669759454763,0.9367062356147466,608,37
30,baseline_pmm_m50,poverty_or_social_exclusion_pc,-0.013911062533896856,0.031770593030847824,0.6614879862816954,608,37
30,baseline_pmm_m50,government_health_expenditure_gdp_pc,0.12233617429706047,0.29089909270175196,0.6740873244100707,608,37
30,baseline_pmm_m50,compulsory_health_financing_gdp_pc,-0.4986296484067564,0.24923180793780378,0.045428376707403836,608,37
31,baseline_pmm_m50,log_gdp_per_capita,-4.047251295779613,2.011087611733088,0.044170530698426635,608,37
31,baseline_pmm_m50,unemployment_rate_pc,-0.014964663650938619,0.0688114361350642,0.8278393590713192,608,37
31,baseline_pmm_m50,poverty_or_social_exclusion_pc,0.012007064307605474,0.03000937105277121,0.6890751345341046,608,37
31,baseline_pmm_m50,government_health_expenditure_gdp_pc,-0.24485696959307182,0.18338053717434213,0.1817979140809004,608,37
31,baseline_pmm_m50,compulsory_health_financing_gdp_pc,-0.13086158261277353,0.19916186035994765,0.5111413991150295,608,37
32,baseline_pmm_m50,log_gdp_per_capita,-3.758698346372881,2.120122727173913,0.0762505348035612,608,37
32,baseline_pmm_m50,unemployment_rate_pc,0.02130663382024756,0.06512285633510864,0.7435347932679794,608,37
32,baseline_pmm_m50,poverty_or_social_exclusion_pc,0.005476691687531225,0.033721922650343905,0.8709849993179888,608,37
32,baseline_pmm_m50,government_health_expenditure_gdp_pc,-0.16604696276737335,0.2495390395456233,0.5057852401177804,608,37
32,baseline_pmm_m50,compulsory_health_financing_gdp_pc,-0.285533437563232,0.20029623615738001,0.15399663646154935,608,37
33,baseline_pmm_m50,log_gdp_per_capita,-3.5378777496668303,1.8394582285117393,0.05443912724515866,608,37
33,baseline_pmm_m50,unemployment_rate_pc,0.04470325384187087,0.0570610450175911,0.4333754747148557,608,37
33,baseline_pmm_m50,poverty_or_social_exclusion_pc,-0.005349788080397072,0.04528365473343502,0.9059571304496811,608,37
33,baseline_pmm_m50,government_health_expenditure_gdp_pc,0.10216899545668019,0.25278100484352256,0.6860804501621126,608,37
33,baseline_pmm_m50,compulsory_health_financing_gdp_pc,-0.43211975515765155,0.22209781465490794,0.05169942580747131,608,37
34,baseline_pmm_m50,log_gdp_per_capita,-3.8977425573301536,1.8245487936726197,0.03265680074652455,608,37
34,baseline_pmm_m50,unemployment_rate_pc,0.07914722793070159,0.060628963953969314,0.19174445052978095,608,37
34,baseline_pmm_m50,poverty_or_social_exclusion_pc,-0.036329235385659506,0.045564071733320506,0.42526406456992316,608,37
34,baseline_pmm_m50,government_health_expenditure_gdp_pc,-0.19619757720440953,0.20018983366515977,0.32705766412824133,608,37
34,baseline_pmm_m50,compulsory_health_financing_gdp_pc,-0.37793393526874536,0.21636435364535253,0.0806811137190001,608,37
35,baseline_pmm_m50,log_gdp_per_capita,-3.3345537293961347,2.0762854661237164,0.10826975427523215,608,37
35,baseline_pmm_m50,unemployment_rate_pc,0.00991936615098693,0.06606864732382861,0.8806563182977759,608,37
35,baseline_pmm_m50,poverty_or_social_exclusion_pc,0.02824062419224875,0.02794920216725574,0.31229083130004953,608,37
35,baseline_pmm_m50,government_health_expenditure_gdp_pc,0.13873066700493886,0.29370197570722595,0.6366756777761939,608,37
35,baseline_pmm_m50,compulsory_health_financing_gdp_pc,-0.515215351780709,0.2867880885679921,0.07241472761113187,608,37
36,baseline_pmm_m50,log_gdp_per_capita,-4.1842043501882475,1.9703005105042524,0.033700454555195124,608,37
36,baseline_pmm_m50,unemployment_rate_pc,0.007842271711938957,0.06962253324345946,0.9103160902265437,608,37
36,baseline_pmm_m50,poverty_or_social_exclusion_pc,-0.010496745902345728,0.03377277803199914,0.7559489218062732,608,37
36,baseline_pmm_m50,government_health_expenditure_gdp_pc,0.3005212249108542,0.47021320963446545,0.5227468643794135,608,37
36,baseline_pmm_m50,compulsory_health_financing_gdp_pc,-0.594759877806434,0.271957680637965,0.028745629802187003,608,37
37,baseline_pmm_m50,log_gdp_per_capita,-4.079265818944686,1.7375548704595074,0.018889488086422098,608,37
37,baseline_pmm_m50,unemployment_rate_pc,0.03907713105228351,0.05981122480920977,0.5135364053299507,608,37
37,baseline_pmm_m50,poverty_or_social_exclusion_pc,-0.013328158915728697,0.04745778420227894,0.7788312667265579,608,37
37,baseline_pmm_m50,government_health_expenditure_gdp_pc,0.4087774625275158,0.29245140264883157,0.16218454384888936,608,37
37,baseline_pmm_m50,compulsory_health_financing_gdp_pc,-0.6992282609093363,0.24831844826990954,0.004864791214564282,608,37
38,baseline_pmm_m50,log_gdp_per_capita,-3.8041095064548984,2.1346455088940557,0.07473615331872502,608,37
38,baseline_pmm_m50,unemployment_rate_pc,0.02679901762408534,0.06969343771163114,0.7005877913695586,608,37
38,baseline_pmm_m50,poverty_or_social_exclusion_pc,-0.0022789464425229285,0.0373026995321224,0.951284874498166,608,37
38,baseline_pmm_m50,government_health_expenditure_gdp_pc,-0.1318446103835049,0.34546306092798756,0.7027239268896679,608,37
38,baseline_pmm_m50,compulsory_health_financing_gdp_pc,-0.20930536271875563,0.17660228588978188,0.2359465868012407,608,37
39,baseline_pmm_m50,log_gdp_per_capita,-4.056639846520367,1.9896005850966716,0.04145784082313224,608,37
39,baseline_pmm_m50,unemployment_rate_pc,0.030068055003039478,0.06405499854922726,0.6387766226924476,608,37
39,baseline_pmm_m50,poverty_or_social_exclusion_pc,-0.0088867820091822,0.03610569664502248,0.8055797376814645,608,37
39,baseline_pmm_m50,government_health_expenditure_gdp_pc,-0.09865866426005153,0.24247846725161842,0.6840990777646521,608,37
39,baseline_pmm_m50,compulsory_health_financing_gdp_pc,-0.17778936129790474,0.18733695213491272,0.3426027110914126,608,37
40,baseline_pmm_m50,log_gdp_per_capita,-3.858969509151745,1.962416030912379,0.049248034367179394,608,37
40,baseline_pmm_m50,unemployment_rate_pc,0.009119348057031684,0.07091866185521968,0.8976830019021882,608,37
40,baseline_pmm_m50,poverty_or_social_exclusion_pc,0.022467396657248753,0.04056347892888805,0.5796593376697805,608,37
40,baseline_pmm_m50,government_health_expenditure_gdp_pc,-0.1001187441254544,0.32304919235494683,0.7566233506895961,608,37
40,baseline_pmm_m50,compulsory_health_financing_gdp_pc,-0.2042191014638387,0.21219798847139712,0.33584928784586654,608,37
41,baseline_pmm_m50,log_gdp_per_capita,-3.781572599942899,1.685871012740076,0.024890545225660827,608,37
41,baseline_pmm_m50,unemployment_rate_pc,0.012814023061044073,0.07165481018122821,0.8580712611909068,608,37
41,baseline_pmm_m50,poverty_or_social_exclusion_pc,0.006161201814987222,0.03788714238798173,0.8708177486263728,608,37
41,baseline_pmm_m50,government_health_expenditure_gdp_pc,0.04880690394247572,0.2683731688933134,0.8556909603537817,608,37
41,baseline_pmm_m50,compulsory_health_financing_gdp_pc,-0.4522954584375556,0.25550746133339886,0.0766963383742498,608,37
42,baseline_pmm_m50,log_gdp_per_capita,-3.4287669235415574,2.102369631042693,0.10291018784925103,608,37
42,baseline_pmm_m50,unemployment_rate_pc,0.039774063565320344,0.054270174746052294,0.46362557673523574,608,37
42,baseline_pmm_m50,poverty_or_social_exclusion_pc,0.023471001255729887,0.03070055373808891,0.4445610335293847,608,37
42,baseline_pmm_m50,government_health_expenditure_gdp_pc,0.19952375547102635,0.37180349572309584,0.5915179296801637,608,37
42,baseline_pmm_m50,compulsory_health_financing_gdp_pc,-0.47036470256330454,0.26008370822406784,0.07052673414577117,608,37
43,baseline_pmm_m50,log_gdp_per_capita,-3.1686194804936116,1.950214249612889,0.10421486835498267,608,37
43,baseline_pmm_m50,unemployment_rate_pc,0.012735741587179675,0.07381432226145229,0.8630149511298342,608,37
43,baseline_pmm_m50,poverty_or_social_exclusion_pc,0.016934461643191415,0.03444065822617012,0.6229316436752541,608,37
43,baseline_pmm_m50,government_health_expenditure_gdp_pc,0.11277984713790909,0.2811786331560517,0.6883488642033323,608,37
43,baseline_pmm_m50,compulsory_health_financing_gdp_pc,-0.42729770398596933,0.2132330814825737,0.04508080772824806,608,37
44,baseline_pmm_m50,log_gdp_per_capita,-3.683768707998409,1.9392398009167637,0.05748639194497146,608,37
44,baseline_pmm_m50,unemployment_rate_pc,-0.020645179902829672,0.08227791712271225,0.8018759148066031,608,37
44,baseline_pmm_m50,poverty_or_social_exclusion_pc,0.06482785635210926,0.043018348830949876,0.13181539625001232,608,37
44,baseline_pmm_m50,government_health_expenditure_gdp_pc,0.11431359103735156,0.2800414870340761,0.6831251284454012,608,37
44,baseline_pmm_m50,compulsory_health_financing_gdp_pc,-0.2091955579999039,0.16229795578445871,0.19741202535864044,608,37
45,baseline_pmm_m50,log_gdp_per_capita,-3.7400165950243727,1.9684278107011646,0.05743286931371652,608,37
45,baseline_pmm_m50,unemployment_rate_pc,-0.0031479563465480614,0.07043877460684606,0.9643538669617873,608,37
45,baseline_pmm_m50,poverty_or_social_exclusion_pc,0.026440573922076972,0.03253536137024243,0.4164061965556991,608,37
45,baseline_pmm_m50,government_health_expenditure_gdp_pc,-0.0053483894821619304,0.22719070929504845,0.9812184077633919,608,37
45,baseline_pmm_m50,compulsory_health_financing_gdp_pc,-0.32181161407109926,0.19905546507641333,0.10594452545631068,608,37
46,baseline_pmm_m50,log_gdp_per_capita,-3.6521685485320856,1.9692238053775681,0.06365002424300446,608,37
46,baseline_pmm_m50,unemployment_rate_pc,0.037114873657677065,0.0695418939470331,0.5935454786763048,608,37
46,baseline_pmm_m50,poverty_or_social_exclusion_pc,0.005641835782535028,0.03746830156507944,0.8803100093159618,608,37
46,baseline_pmm_m50,government_health_expenditure_gdp_pc,0.1633268467101741,0.22163431864733146,0.46117076857474826,608,37
46,baseline_pmm_m50,compulsory_health_financing_gdp_pc,-0.42828840012590147,0.20193428289322188,0.03392772632702047,608,37
47,baseline_pmm_m50,log_gdp_per_capita,-3.5093963990978456,1.7658274397277673,0.046878655478047,608,37
47,baseline_pmm_m50,unemployment_rate_pc,0.037250883533141335,0.08177609646967182,0.6487331061012924,608,37
47,baseline_pmm_m50,poverty_or_social_exclusion_pc,0.017327092818627255,0.039988517697726794,0.6647956010968128,608,37
47,baseline_pmm_m50,government_health_expenditure_gdp_pc,-0.17962576592322357,0.18618649818878485,0.33466374369476215,608,37
47,baseline_pmm_m50,compulsory_health_financing_gdp_pc,-0.13340175176494323,0.1447337823612667,0.35668282907790405,608,37
48,baseline_pmm_m50,log_gdp_per_capita,-3.664606822504815,2.214781773414963,0.09800301489235723,608,37
48,baseline_pmm_m50,unemployment_rate_pc,0.03394173384006429,0.054035565903082054,0.5299142501573713,608,37
48,baseline_pmm_m50,poverty_or_social_exclusion_pc,0.019572616127610618,0.03715037357947524,0.5982988457900249,608,37
48,baseline_pmm_m50,government_health_expenditure_gdp_pc,0.030680656423314107,0.20241732205508853,0.8795250719765658,608,37
48,baseline_pmm_m50,compulsory_health_financing_gdp_pc,-0.3327482933962327,0.17168869206407883,0.0526121322982883,608,37
49,baseline_pmm_m50,log_gdp_per_capita,-3.6113254100187016,1.9271813096622286,0.060945614829312114,608,37
49,baseline_pmm_m50,unemployment_rate_pc,0.014721973128739617,0.07121966254269069,0.8362346289473436,608,37
49,baseline_pmm_m50,poverty_or_social_exclusion_pc,0.029443051301728692,0.03641384758328976,0.4187640031794384,608,37
49,baseline_pmm_m50,government_health_expenditure_gdp_pc,0.03146653930032818,0.2558550850457617,0.9021183518965815,608,37
49,baseline_pmm_m50,compulsory_health_financing_gdp_pc,-0.46728474688892285,0.2584242585364824,0.07057417299790315,608,37
50,baseline_pmm_m50,log_gdp_per_capita,-2.86493094741444,2.086562841806852,0.16974040311499272,608,37
50,baseline_pmm_m50,unemployment_rate_pc,0.057933384770438405,0.06658192623265102,0.38424205833638014,608,37
50,baseline_pmm_m50,poverty_or_social_exclusion_pc,-0.009962481516852618,0.029984439062078698,0.7396966731074506,608,37
50,baseline_pmm_m50,government_health_expenditure_gdp_pc,-0.13185129736504897,0.15484938311514462,0.394502250003787,608,37
50,baseline_pmm_m50,compulsory_health_financing_gdp_pc,-0.4693702759042164,0.15870076332287403,0.0031006382076569196,608,37
